-- users는 직접 user_idx 1~4까지 넣고 만들어야 로그인 됨


-- store
Insert into STORE (STORE_IDX,STORE_NAME,MANAGER_NAME,BUSINESS_NUMBER,EMAIL,PHONE,POST_CODE,ADDRESS,DETAIL_ADDRESS,USER_IDX) values (1,'나이키 서면점','1','1','1','1','1','1','1',1);
Insert into STORE (STORE_IDX,STORE_NAME,MANAGER_NAME,BUSINESS_NUMBER,EMAIL,PHONE,POST_CODE,ADDRESS,DETAIL_ADDRESS,USER_IDX) values (2,'나이키 해운대점','2','2','2','2','2','2','2',2);
Insert into STORE (STORE_IDX,STORE_NAME,MANAGER_NAME,BUSINESS_NUMBER,EMAIL,PHONE,POST_CODE,ADDRESS,DETAIL_ADDRESS,USER_IDX) values (3,'아디다스 서면점','3','3','3','3','3','3','3',3);
Insert into STORE (STORE_IDX,STORE_NAME,MANAGER_NAME,BUSINESS_NUMBER,EMAIL,PHONE,POST_CODE,ADDRESS,DETAIL_ADDRESS,USER_IDX) values (4,'아디다스 혜화점','4','4','4','4','4','4','4',4);

-- size
Insert into PRODUCT_SIZE (PRODUCT_SIZE_IDX,SIZES) values (1,'90');
Insert into PRODUCT_SIZE (PRODUCT_SIZE_IDX,SIZES) values (2,'95');
Insert into PRODUCT_SIZE (PRODUCT_SIZE_IDX,SIZES) values (3,'100');
Insert into PRODUCT_SIZE (PRODUCT_SIZE_IDX,SIZES) values (4,'105');
Insert into PRODUCT_SIZE (PRODUCT_SIZE_IDX,SIZES) values (5,'110');
Insert into PRODUCT_SIZE (PRODUCT_SIZE_IDX,SIZES) values (6,'xs');
Insert into PRODUCT_SIZE (PRODUCT_SIZE_IDX,SIZES) values (7,'s');
Insert into PRODUCT_SIZE (PRODUCT_SIZE_IDX,SIZES) values (8,'m');
Insert into PRODUCT_SIZE (PRODUCT_SIZE_IDX,SIZES) values (9,'l');
Insert into PRODUCT_SIZE (PRODUCT_SIZE_IDX,SIZES) values (10,'xl');
Insert into PRODUCT_SIZE (PRODUCT_SIZE_IDX,SIZES) values (11,'2xl');
Insert into PRODUCT_SIZE (PRODUCT_SIZE_IDX,SIZES) values (12,'26');
Insert into PRODUCT_SIZE (PRODUCT_SIZE_IDX,SIZES) values (13,'27');
Insert into PRODUCT_SIZE (PRODUCT_SIZE_IDX,SIZES) values (14,'28');
Insert into PRODUCT_SIZE (PRODUCT_SIZE_IDX,SIZES) values (15,'29');
Insert into PRODUCT_SIZE (PRODUCT_SIZE_IDX,SIZES) values (16,'30');
Insert into PRODUCT_SIZE (PRODUCT_SIZE_IDX,SIZES) values (17,'31');
Insert into PRODUCT_SIZE (PRODUCT_SIZE_IDX,SIZES) values (18,'32');
Insert into PRODUCT_SIZE (PRODUCT_SIZE_IDX,SIZES) values (19,'33');
Insert into PRODUCT_SIZE (PRODUCT_SIZE_IDX,SIZES) values (20,'34');
Insert into PRODUCT_SIZE (PRODUCT_SIZE_IDX,SIZES) values (21,'35');
Insert into PRODUCT_SIZE (PRODUCT_SIZE_IDX,SIZES) values (22,'36');
Insert into PRODUCT_SIZE (PRODUCT_SIZE_IDX,SIZES) values (23,'37');
Insert into PRODUCT_SIZE (PRODUCT_SIZE_IDX,SIZES) values (24,'38');
Insert into PRODUCT_SIZE (PRODUCT_SIZE_IDX,SIZES) values (25,'200');
Insert into PRODUCT_SIZE (PRODUCT_SIZE_IDX,SIZES) values (26,'205');
Insert into PRODUCT_SIZE (PRODUCT_SIZE_IDX,SIZES) values (27,'210');
Insert into PRODUCT_SIZE (PRODUCT_SIZE_IDX,SIZES) values (28,'215');
Insert into PRODUCT_SIZE (PRODUCT_SIZE_IDX,SIZES) values (29,'220');
Insert into PRODUCT_SIZE (PRODUCT_SIZE_IDX,SIZES) values (30,'225');
Insert into PRODUCT_SIZE (PRODUCT_SIZE_IDX,SIZES) values (31,'230');
Insert into PRODUCT_SIZE (PRODUCT_SIZE_IDX,SIZES) values (32,'235');
Insert into PRODUCT_SIZE (PRODUCT_SIZE_IDX,SIZES) values (33,'240');
Insert into PRODUCT_SIZE (PRODUCT_SIZE_IDX,SIZES) values (34,'245');
Insert into PRODUCT_SIZE (PRODUCT_SIZE_IDX,SIZES) values (35,'250');
Insert into PRODUCT_SIZE (PRODUCT_SIZE_IDX,SIZES) values (36,'255');
Insert into PRODUCT_SIZE (PRODUCT_SIZE_IDX,SIZES) values (37,'260');
Insert into PRODUCT_SIZE (PRODUCT_SIZE_IDX,SIZES) values (38,'265');
Insert into PRODUCT_SIZE (PRODUCT_SIZE_IDX,SIZES) values (39,'270');
Insert into PRODUCT_SIZE (PRODUCT_SIZE_IDX,SIZES) values (40,'275');
Insert into PRODUCT_SIZE (PRODUCT_SIZE_IDX,SIZES) values (41,'280');
Insert into PRODUCT_SIZE (PRODUCT_SIZE_IDX,SIZES) values (42,'285');
Insert into PRODUCT_SIZE (PRODUCT_SIZE_IDX,SIZES) values (43,'290');
Insert into PRODUCT_SIZE (PRODUCT_SIZE_IDX,SIZES) values (44,'295');
Insert into PRODUCT_SIZE (PRODUCT_SIZE_IDX,SIZES) values (45,'300');
Insert into PRODUCT_SIZE (PRODUCT_SIZE_IDX,SIZES) values (46,'free');

-- color
Insert into PRODUCT_COLOR (PRODUCT_COLOR_IDX,COLOR) values (1,'블랙');
Insert into PRODUCT_COLOR (PRODUCT_COLOR_IDX,COLOR) values (2,'화이트');
Insert into PRODUCT_COLOR (PRODUCT_COLOR_IDX,COLOR) values (3,'아이보리');
Insert into PRODUCT_COLOR (PRODUCT_COLOR_IDX,COLOR) values (4,'크림');
Insert into PRODUCT_COLOR (PRODUCT_COLOR_IDX,COLOR) values (5,'블루');
Insert into PRODUCT_COLOR (PRODUCT_COLOR_IDX,COLOR) values (6,'아쿠아');
Insert into PRODUCT_COLOR (PRODUCT_COLOR_IDX,COLOR) values (7,'코발트');
Insert into PRODUCT_COLOR (PRODUCT_COLOR_IDX,COLOR) values (8,'스카이블루');
Insert into PRODUCT_COLOR (PRODUCT_COLOR_IDX,COLOR) values (9,'네이비');
Insert into PRODUCT_COLOR (PRODUCT_COLOR_IDX,COLOR) values (10,'인디고');
Insert into PRODUCT_COLOR (PRODUCT_COLOR_IDX,COLOR) values (11,'레드');
Insert into PRODUCT_COLOR (PRODUCT_COLOR_IDX,COLOR) values (12,'옐로우');
Insert into PRODUCT_COLOR (PRODUCT_COLOR_IDX,COLOR) values (13,'레몬');
Insert into PRODUCT_COLOR (PRODUCT_COLOR_IDX,COLOR) values (14,'오렌지');
Insert into PRODUCT_COLOR (PRODUCT_COLOR_IDX,COLOR) values (15,'그린');
Insert into PRODUCT_COLOR (PRODUCT_COLOR_IDX,COLOR) values (16,'라임');
Insert into PRODUCT_COLOR (PRODUCT_COLOR_IDX,COLOR) values (17,'올리브');
Insert into PRODUCT_COLOR (PRODUCT_COLOR_IDX,COLOR) values (18,'브라운');
Insert into PRODUCT_COLOR (PRODUCT_COLOR_IDX,COLOR) values (19,'카멜');
Insert into PRODUCT_COLOR (PRODUCT_COLOR_IDX,COLOR) values (20,'퍼플');
Insert into PRODUCT_COLOR (PRODUCT_COLOR_IDX,COLOR) values (21,'핑크');
Insert into PRODUCT_COLOR (PRODUCT_COLOR_IDX,COLOR) values (22,'바이올렛');
Insert into PRODUCT_COLOR (PRODUCT_COLOR_IDX,COLOR) values (23,'베이지');
Insert into PRODUCT_COLOR (PRODUCT_COLOR_IDX,COLOR) values (24,'카키');
Insert into PRODUCT_COLOR (PRODUCT_COLOR_IDX,COLOR) values (25,'버건디');
Insert into PRODUCT_COLOR (PRODUCT_COLOR_IDX,COLOR) values (26,'그레이');
Insert into PRODUCT_COLOR (PRODUCT_COLOR_IDX,COLOR) values (27,'차콜');



INSERT INTO CATEGORY (CATEGORY_IDX,KOR_NAME,ENG_NAME) VALUES ( '1', '아우터', 'OUTER' );
INSERT INTO CATEGORY (CATEGORY_IDX,KOR_NAME,ENG_NAME) VALUES ( '2', '상의', 'TOP' );
INSERT INTO CATEGORY (CATEGORY_IDX,KOR_NAME,ENG_NAME) VALUES ( '3', '니트', 'KNIT' );
INSERT INTO CATEGORY (CATEGORY_IDX,KOR_NAME,ENG_NAME) VALUES ( '4', '셔츠', 'SHIRTS' );
INSERT INTO CATEGORY (CATEGORY_IDX,KOR_NAME,ENG_NAME) VALUES ( '5', '바지', 'PANTS' );
INSERT INTO CATEGORY (CATEGORY_IDX,KOR_NAME,ENG_NAME) VALUES ( '6', '신발', 'SHOES' );
INSERT INTO CATEGORY (CATEGORY_IDX,KOR_NAME,ENG_NAME) VALUES ( '7', '가방', 'BAG' );
INSERT INTO CATEGORY (CATEGORY_IDX,KOR_NAME,ENG_NAME) VALUES ( '8', '악세사리', 'ACC' );
INSERT INTO CATEGORY (CATEGORY_IDX,KOR_NAME,ENG_NAME) VALUES ( '9', '모자', 'HAT' );

INSERT INTO SUB_CATEGORY (SUB_CATEGORY_IDX, KOR_NAME, ENG_NAME, CATEGORY_IDX) VALUES ('1', '전체', 'All', '1' );
INSERT INTO SUB_CATEGORY (SUB_CATEGORY_IDX, KOR_NAME, ENG_NAME, CATEGORY_IDX) VALUES ('2', '코트', 'COAT', '1' );
INSERT INTO SUB_CATEGORY (SUB_CATEGORY_IDX, KOR_NAME, ENG_NAME, CATEGORY_IDX) VALUES ('3', '자켓', 'JACKET', '1' );
INSERT INTO SUB_CATEGORY (SUB_CATEGORY_IDX, KOR_NAME, ENG_NAME, CATEGORY_IDX) VALUES ('4', '패딩', 'PADDING', '1' );
INSERT INTO SUB_CATEGORY (SUB_CATEGORY_IDX, KOR_NAME, ENG_NAME, CATEGORY_IDX) VALUES ('5', '가죽', 'LETHER', '1' );
INSERT INTO SUB_CATEGORY (SUB_CATEGORY_IDX, KOR_NAME, ENG_NAME, CATEGORY_IDX) VALUES ('6', '바람막이', 'WINDBREAKER', '1' );
INSERT INTO SUB_CATEGORY (SUB_CATEGORY_IDX, KOR_NAME, ENG_NAME, CATEGORY_IDX) VALUES ('7', '야상', 'JUMPER', '1' );
INSERT INTO SUB_CATEGORY (SUB_CATEGORY_IDX, KOR_NAME, ENG_NAME, CATEGORY_IDX) VALUES ('8', '전체', 'All', '2' );
INSERT INTO SUB_CATEGORY (SUB_CATEGORY_IDX, KOR_NAME, ENG_NAME, CATEGORY_IDX) VALUES ('9', '긴팔티', 'LONGSLEEVE', '2' );
INSERT INTO SUB_CATEGORY (SUB_CATEGORY_IDX, KOR_NAME, ENG_NAME, CATEGORY_IDX) VALUES ('10', '반팔티', 'SHORTSLEEVE', '2' );
INSERT INTO SUB_CATEGORY (SUB_CATEGORY_IDX, KOR_NAME, ENG_NAME, CATEGORY_IDX) VALUES ('11', '후드', 'HOOD', '2' );
INSERT INTO SUB_CATEGORY (SUB_CATEGORY_IDX, KOR_NAME, ENG_NAME, CATEGORY_IDX) VALUES ('12', '맨투맨', 'SWEATSHIRT', '2' );
INSERT INTO SUB_CATEGORY (SUB_CATEGORY_IDX, KOR_NAME, ENG_NAME, CATEGORY_IDX) VALUES ('13', '전체', 'All', '3' );
INSERT INTO SUB_CATEGORY (SUB_CATEGORY_IDX, KOR_NAME, ENG_NAME, CATEGORY_IDX) VALUES ('14', '긴팔니트', 'LONGKNIT', '3' );
INSERT INTO SUB_CATEGORY (SUB_CATEGORY_IDX, KOR_NAME, ENG_NAME, CATEGORY_IDX) VALUES ('15', '반팔니트', 'SHORTKNIT', '3' );
INSERT INTO SUB_CATEGORY (SUB_CATEGORY_IDX, KOR_NAME, ENG_NAME, CATEGORY_IDX) VALUES ('16', '가디건', 'CARDIGAN', '3' );
INSERT INTO SUB_CATEGORY (SUB_CATEGORY_IDX, KOR_NAME, ENG_NAME, CATEGORY_IDX) VALUES ('17', '폴라', 'TURTLENECK', '3' );
INSERT INTO SUB_CATEGORY (SUB_CATEGORY_IDX, KOR_NAME, ENG_NAME, CATEGORY_IDX) VALUES ('18', '전체', 'All', '4' );
INSERT INTO SUB_CATEGORY (SUB_CATEGORY_IDX, KOR_NAME, ENG_NAME, CATEGORY_IDX) VALUES ('19', '무지', 'NOPATTERN', '4' );
INSERT INTO SUB_CATEGORY (SUB_CATEGORY_IDX, KOR_NAME, ENG_NAME, CATEGORY_IDX) VALUES ('20', '체크', 'PLAID', '4' );
INSERT INTO SUB_CATEGORY (SUB_CATEGORY_IDX, KOR_NAME, ENG_NAME, CATEGORY_IDX) VALUES ('21', '데님', 'DENIM', '4' );
INSERT INTO SUB_CATEGORY (SUB_CATEGORY_IDX, KOR_NAME, ENG_NAME, CATEGORY_IDX) VALUES ('22', '스트라이프', 'STRIPE', '4' );
INSERT INTO SUB_CATEGORY (SUB_CATEGORY_IDX, KOR_NAME, ENG_NAME, CATEGORY_IDX) VALUES ('23', '반팔셔츠', 'SHORTSHIRTS', '4' );
INSERT INTO SUB_CATEGORY (SUB_CATEGORY_IDX, KOR_NAME, ENG_NAME, CATEGORY_IDX) VALUES ('24', '린넨', 'LINEN', '4' );
INSERT INTO SUB_CATEGORY (SUB_CATEGORY_IDX, KOR_NAME, ENG_NAME, CATEGORY_IDX) VALUES ('25', '전체', 'All', '5' );
INSERT INTO SUB_CATEGORY (SUB_CATEGORY_IDX, KOR_NAME, ENG_NAME, CATEGORY_IDX) VALUES ('26', '긴바지', 'LONGPANTS', '5' );
INSERT INTO SUB_CATEGORY (SUB_CATEGORY_IDX, KOR_NAME, ENG_NAME, CATEGORY_IDX) VALUES ('27', '반바지', 'SHORTPANTS', '5' );
INSERT INTO SUB_CATEGORY (SUB_CATEGORY_IDX, KOR_NAME, ENG_NAME, CATEGORY_IDX) VALUES ('28', '슬랙스', 'SLACKS', '5' );
INSERT INTO SUB_CATEGORY (SUB_CATEGORY_IDX, KOR_NAME, ENG_NAME, CATEGORY_IDX) VALUES ('29', '코튼', 'COTTON', '5' );
INSERT INTO SUB_CATEGORY (SUB_CATEGORY_IDX, KOR_NAME, ENG_NAME, CATEGORY_IDX) VALUES ('30', '데님', 'DENIMPANTS', '5' );
INSERT INTO SUB_CATEGORY (SUB_CATEGORY_IDX, KOR_NAME, ENG_NAME, CATEGORY_IDX) VALUES ('31', '나일론', 'NYLON', '5' );
INSERT INTO SUB_CATEGORY (SUB_CATEGORY_IDX, KOR_NAME, ENG_NAME, CATEGORY_IDX) VALUES ('32', '트레이닝', 'SWEATPANTS', '5' );
INSERT INTO SUB_CATEGORY (SUB_CATEGORY_IDX, KOR_NAME, ENG_NAME, CATEGORY_IDX) VALUES ('33', '전체', 'All', '6' );
INSERT INTO SUB_CATEGORY (SUB_CATEGORY_IDX, KOR_NAME, ENG_NAME, CATEGORY_IDX) VALUES ('34', '운동화', 'RUNNING', '6' );
INSERT INTO SUB_CATEGORY (SUB_CATEGORY_IDX, KOR_NAME, ENG_NAME, CATEGORY_IDX) VALUES ('35', '스니커즈', 'SNEAKERS', '6' );
INSERT INTO SUB_CATEGORY (SUB_CATEGORY_IDX, KOR_NAME, ENG_NAME, CATEGORY_IDX) VALUES ('36', '구두', 'DRESSSHOES', '6' );
INSERT INTO SUB_CATEGORY (SUB_CATEGORY_IDX, KOR_NAME, ENG_NAME, CATEGORY_IDX) VALUES ('37', '샌들', 'COTTON', '6' );
INSERT INTO SUB_CATEGORY (SUB_CATEGORY_IDX, KOR_NAME, ENG_NAME, CATEGORY_IDX) VALUES ('38', '기타', 'ETC', '6' );  -- 보트 슈즈, 드라이빙 슈즈 같은,,
INSERT INTO SUB_CATEGORY (SUB_CATEGORY_IDX, KOR_NAME, ENG_NAME, CATEGORY_IDX) VALUES ('39', '전체', 'All', '7' );
INSERT INTO SUB_CATEGORY (SUB_CATEGORY_IDX, KOR_NAME, ENG_NAME, CATEGORY_IDX) VALUES ('40', '백팩', 'BACKPACK', '7' );
INSERT INTO SUB_CATEGORY (SUB_CATEGORY_IDX, KOR_NAME, ENG_NAME, CATEGORY_IDX) VALUES ('41', '크로스백', 'CROSSBAG', '7' );
INSERT INTO SUB_CATEGORY (SUB_CATEGORY_IDX, KOR_NAME, ENG_NAME, CATEGORY_IDX) VALUES ('42', '토트백', 'TOTEBAG', '7' );
INSERT INTO SUB_CATEGORY (SUB_CATEGORY_IDX, KOR_NAME, ENG_NAME, CATEGORY_IDX) VALUES ('43', '에코백', 'ECOBAG', '7' );
INSERT INTO SUB_CATEGORY (SUB_CATEGORY_IDX, KOR_NAME, ENG_NAME, CATEGORY_IDX) VALUES ('44', '보스턴백', 'BOSTONBAG', '7' ); 
INSERT INTO SUB_CATEGORY (SUB_CATEGORY_IDX, KOR_NAME, ENG_NAME, CATEGORY_IDX) VALUES ('45', '전체', 'All', '8' );
INSERT INTO SUB_CATEGORY (SUB_CATEGORY_IDX, KOR_NAME, ENG_NAME, CATEGORY_IDX) VALUES ('46', '팔찌', 'BRACELET', '8' );
INSERT INTO SUB_CATEGORY (SUB_CATEGORY_IDX, KOR_NAME, ENG_NAME, CATEGORY_IDX) VALUES ('47', '반지', 'RING', '8' );
INSERT INTO SUB_CATEGORY (SUB_CATEGORY_IDX, KOR_NAME, ENG_NAME, CATEGORY_IDX) VALUES ('48', '목걸이', 'NECKLACE', '8' );
INSERT INTO SUB_CATEGORY (SUB_CATEGORY_IDX, KOR_NAME, ENG_NAME, CATEGORY_IDX) VALUES ('49', '벨트', 'BELT', '8' );
INSERT INTO SUB_CATEGORY (SUB_CATEGORY_IDX, KOR_NAME, ENG_NAME, CATEGORY_IDX) VALUES ('50', '머플러', 'MUFFLER', '8' ); 
INSERT INTO SUB_CATEGORY (SUB_CATEGORY_IDX, KOR_NAME, ENG_NAME, CATEGORY_IDX) VALUES ('51', '장갑', 'GLOVES', '8' ); 
INSERT INTO SUB_CATEGORY (SUB_CATEGORY_IDX, KOR_NAME, ENG_NAME, CATEGORY_IDX) VALUES ('52', '안경', 'GLASSES', '8' );
INSERT INTO SUB_CATEGORY (SUB_CATEGORY_IDX, KOR_NAME, ENG_NAME, CATEGORY_IDX) VALUES ('53', '양말', 'SOCKS', '8' );
INSERT INTO SUB_CATEGORY (SUB_CATEGORY_IDX, KOR_NAME, ENG_NAME, CATEGORY_IDX) VALUES ('54', '전체', 'All', '9' );
INSERT INTO SUB_CATEGORY (SUB_CATEGORY_IDX, KOR_NAME, ENG_NAME, CATEGORY_IDX) VALUES ('55', '볼캡', 'BACKPACK', '9' );
INSERT INTO SUB_CATEGORY (SUB_CATEGORY_IDX, KOR_NAME, ENG_NAME, CATEGORY_IDX) VALUES ('56', '비니', 'CROSSBAG', '9' );
INSERT INTO SUB_CATEGORY (SUB_CATEGORY_IDX, KOR_NAME, ENG_NAME, CATEGORY_IDX) VALUES ('57', '버킷햇', 'TOTEBAG', '9' );
INSERT INTO SUB_CATEGORY (SUB_CATEGORY_IDX, KOR_NAME, ENG_NAME, CATEGORY_IDX) VALUES ('58', '기타', 'ECOBAG', '9' ); 



-- product
INSERT INTO product (PRODUCT_IDX, MANUFACTURE_NAME, NAME, PRICE, SUB_CATEGORY_IDX, STORE_IDX) 
VALUES (1, '나이키', '에어 포스 1', 150000, 34, 1);
INSERT INTO product (PRODUCT_IDX, MANUFACTURE_NAME, NAME, PRICE, SUB_CATEGORY_IDX, STORE_IDX) 
VALUES (2, '아디다스', '울트라부스트', 180000, 34, 3);
INSERT INTO product (PRODUCT_IDX, MANUFACTURE_NAME, NAME, PRICE, SUB_CATEGORY_IDX, STORE_IDX) 
VALUES (3, '나이키', '에어 조던 1', 170000, 34, 2);
INSERT INTO product (PRODUCT_IDX, MANUFACTURE_NAME, NAME, PRICE, SUB_CATEGORY_IDX, STORE_IDX) 
VALUES (4, '아디다스', '슈퍼스타', 120000, 34, 4);
INSERT INTO product (PRODUCT_IDX, MANUFACTURE_NAME, NAME, PRICE, SUB_CATEGORY_IDX, STORE_IDX) 
VALUES (5, '나이키', '에어 맥스 90', 160000, 34, 1);
INSERT INTO product (PRODUCT_IDX, MANUFACTURE_NAME, NAME, PRICE, SUB_CATEGORY_IDX, STORE_IDX) 
VALUES (6, '아디다스', '엔엠디', 190000, 34, 3);
INSERT INTO product (PRODUCT_IDX, MANUFACTURE_NAME, NAME, PRICE, SUB_CATEGORY_IDX, STORE_IDX) 
VALUES (7, '나이키', '블레이저 로우', 140000, 34, 2);
INSERT INTO product (PRODUCT_IDX, MANUFACTURE_NAME, NAME, PRICE, SUB_CATEGORY_IDX, STORE_IDX) 
VALUES (8, '아디다스', '스탠 스미스', 130000, 34, 4);


-- product_info 테이블에 대한 더미 데이터 생성
INSERT INTO product_info (PRODUCT_INFO_IDX, UPDATE_DATE, PRODUCT_COLOR_IDX, PRODUCT_SIZE_IDX, PRODUCT_IDX)
VALUES (1, SYSDATE, 1, 1, 1);
INSERT INTO product_info (PRODUCT_INFO_IDX, UPDATE_DATE, PRODUCT_COLOR_IDX, PRODUCT_SIZE_IDX, PRODUCT_IDX)
VALUES (2, SYSDATE, 2, 2, 1);
INSERT INTO product_info (PRODUCT_INFO_IDX, UPDATE_DATE, PRODUCT_COLOR_IDX, PRODUCT_SIZE_IDX, PRODUCT_IDX)
VALUES (3, SYSDATE, 3, 3, 1);
INSERT INTO product_info (PRODUCT_INFO_IDX, UPDATE_DATE, PRODUCT_COLOR_IDX, PRODUCT_SIZE_IDX, PRODUCT_IDX)
VALUES (4, SYSDATE, 4, 4, 2);
INSERT INTO product_info (PRODUCT_INFO_IDX, UPDATE_DATE, PRODUCT_COLOR_IDX, PRODUCT_SIZE_IDX, PRODUCT_IDX)
VALUES (5, SYSDATE, 5, 5, 2);
INSERT INTO product_info (PRODUCT_INFO_IDX, UPDATE_DATE, PRODUCT_COLOR_IDX, PRODUCT_SIZE_IDX, PRODUCT_IDX)
VALUES (6, SYSDATE, 6, 6, 2);
INSERT INTO product_info (PRODUCT_INFO_IDX, UPDATE_DATE, PRODUCT_COLOR_IDX, PRODUCT_SIZE_IDX, PRODUCT_IDX)
VALUES (7, SYSDATE, 7, 7, 3);
INSERT INTO product_info (PRODUCT_INFO_IDX, UPDATE_DATE, PRODUCT_COLOR_IDX, PRODUCT_SIZE_IDX, PRODUCT_IDX)
VALUES (8, SYSDATE, 8, 8, 3);
INSERT INTO product_info (PRODUCT_INFO_IDX, UPDATE_DATE, PRODUCT_COLOR_IDX, PRODUCT_SIZE_IDX, PRODUCT_IDX)
VALUES (9, SYSDATE, 9, 9, 3);
INSERT INTO product_info (PRODUCT_INFO_IDX, UPDATE_DATE, PRODUCT_COLOR_IDX, PRODUCT_SIZE_IDX, PRODUCT_IDX)
VALUES (10, SYSDATE, 10, 10, 4);
INSERT INTO product_info (PRODUCT_INFO_IDX, UPDATE_DATE, PRODUCT_COLOR_IDX, PRODUCT_SIZE_IDX, PRODUCT_IDX)
VALUES (11, SYSDATE, 11, 11, 4);
INSERT INTO product_info (PRODUCT_INFO_IDX, UPDATE_DATE, PRODUCT_COLOR_IDX, PRODUCT_SIZE_IDX, PRODUCT_IDX)
VALUES (12, SYSDATE, 12, 12, 4);
INSERT INTO product_info (PRODUCT_INFO_IDX, UPDATE_DATE, PRODUCT_COLOR_IDX, PRODUCT_SIZE_IDX, PRODUCT_IDX)
VALUES (13, SYSDATE, 13, 13, 5);
INSERT INTO product_info (PRODUCT_INFO_IDX, UPDATE_DATE, PRODUCT_COLOR_IDX, PRODUCT_SIZE_IDX, PRODUCT_IDX)
VALUES (14, SYSDATE, 14, 14, 5);
INSERT INTO product_info (PRODUCT_INFO_IDX, UPDATE_DATE, PRODUCT_COLOR_IDX, PRODUCT_SIZE_IDX, PRODUCT_IDX)
VALUES (15, SYSDATE, 15, 15, 5);
INSERT INTO product_info (PRODUCT_INFO_IDX, UPDATE_DATE, PRODUCT_COLOR_IDX, PRODUCT_SIZE_IDX, PRODUCT_IDX)
VALUES (16, SYSDATE, 16, 16, 6);
INSERT INTO product_info (PRODUCT_INFO_IDX, UPDATE_DATE, PRODUCT_COLOR_IDX, PRODUCT_SIZE_IDX, PRODUCT_IDX)
VALUES (17, SYSDATE, 17, 17, 6);
INSERT INTO product_info (PRODUCT_INFO_IDX, UPDATE_DATE, PRODUCT_COLOR_IDX, PRODUCT_SIZE_IDX, PRODUCT_IDX)
VALUES (18, SYSDATE, 18, 18, 6);
INSERT INTO product_info (PRODUCT_INFO_IDX, UPDATE_DATE, PRODUCT_COLOR_IDX, PRODUCT_SIZE_IDX, PRODUCT_IDX)
VALUES (19, SYSDATE, 19, 19, 7);
INSERT INTO product_info (PRODUCT_INFO_IDX, UPDATE_DATE, PRODUCT_COLOR_IDX, PRODUCT_SIZE_IDX, PRODUCT_IDX)
VALUES (20, SYSDATE, 20, 20, 7);
INSERT INTO product_info (PRODUCT_INFO_IDX, UPDATE_DATE, PRODUCT_COLOR_IDX, PRODUCT_SIZE_IDX, PRODUCT_IDX)
VALUES (21, SYSDATE, 21, 21, 7);
INSERT INTO product_info (PRODUCT_INFO_IDX, UPDATE_DATE, PRODUCT_COLOR_IDX, PRODUCT_SIZE_IDX, PRODUCT_IDX)
VALUES (22, SYSDATE, 22, 22, 8);
INSERT INTO product_info (PRODUCT_INFO_IDX, UPDATE_DATE, PRODUCT_COLOR_IDX, PRODUCT_SIZE_IDX, PRODUCT_IDX)
VALUES (23, SYSDATE, 23, 23, 8);
INSERT INTO product_info (PRODUCT_INFO_IDX, UPDATE_DATE, PRODUCT_COLOR_IDX, PRODUCT_SIZE_IDX, PRODUCT_IDX)
VALUES (24, SYSDATE, 24, 24, 8);

-- product_quantity 테이블에 대한 더미 데이터 생성
INSERT INTO product_quantity (product_quantity_idx, quantity, product_info_idx) 
VALUES (1, 10, 1);

INSERT INTO product_quantity (product_quantity_idx, quantity, product_info_idx) 
VALUES (2, 20, 2);

INSERT INTO product_quantity (product_quantity_idx, quantity, product_info_idx) 
VALUES (3, 15, 3);

INSERT INTO product_quantity (product_quantity_idx, quantity, product_info_idx) 
VALUES (4, 25, 4);

INSERT INTO product_quantity (product_quantity_idx, quantity, product_info_idx) 
VALUES (5, 30, 5);

INSERT INTO product_quantity (product_quantity_idx, quantity, product_info_idx) 
VALUES (6, 18, 6);

INSERT INTO product_quantity (product_quantity_idx, quantity, product_info_idx) 
VALUES (7, 22, 7);

INSERT INTO product_quantity (product_quantity_idx, quantity, product_info_idx) 
VALUES (8, 12, 8);

INSERT INTO product_quantity (product_quantity_idx, quantity, product_info_idx) 
VALUES (9, 27, 9);

INSERT INTO product_quantity (product_quantity_idx, quantity, product_info_idx) 
VALUES (10, 35, 10);

INSERT INTO product_quantity (product_quantity_idx, quantity, product_info_idx) 
VALUES (11, 19, 11);

INSERT INTO product_quantity (product_quantity_idx, quantity, product_info_idx) 
VALUES (12, 28, 12);

INSERT INTO product_quantity (product_quantity_idx, quantity, product_info_idx) 
VALUES (13, 21, 13);

INSERT INTO product_quantity (product_quantity_idx, quantity, product_info_idx) 
VALUES (14, 17, 14);

INSERT INTO product_quantity (product_quantity_idx, quantity, product_info_idx) 
VALUES (15, 23, 15);

INSERT INTO product_quantity (product_quantity_idx, quantity, product_info_idx) 
VALUES (16, 14, 16);

INSERT INTO product_quantity (product_quantity_idx, quantity, product_info_idx) 
VALUES (17, 29, 17);

INSERT INTO product_quantity (product_quantity_idx, quantity, product_info_idx) 
VALUES (18, 26, 18);

INSERT INTO product_quantity (product_quantity_idx, quantity, product_info_idx) 
VALUES (19, 32, 19);

INSERT INTO product_quantity (product_quantity_idx, quantity, product_info_idx) 
VALUES (20, 24, 20);

INSERT INTO product_quantity (product_quantity_idx, quantity, product_info_idx) 
VALUES (21, 16, 21);

INSERT INTO product_quantity (product_quantity_idx, quantity, product_info_idx) 
VALUES (22, 31, 22);

INSERT INTO product_quantity (product_quantity_idx, quantity, product_info_idx) 
VALUES (23, 11, 23);

INSERT INTO product_quantity (product_quantity_idx, quantity, product_info_idx) 
VALUES (24, 33, 24);


-- posting 테이블에 더미 데이터 삽입
INSERT INTO posting (POSTING_IDX, TITLE, CONTENT, UPDATE_DATE, STATE) 
VALUES (1, '나이키 에어 포스 1', '이 제품은 나이키사의 에어 포스 1입니다.', SYSDATE, 1);

INSERT INTO posting (POSTING_IDX, TITLE, CONTENT, UPDATE_DATE, STATE) 
VALUES (2, '에어 포스 특가 할인', '이 제품은 나이키 에어 포스 1입니다', SYSDATE, 1);

INSERT INTO posting (POSTING_IDX, TITLE, CONTENT, UPDATE_DATE, STATE) 
VALUES (3, '에어 조던 1 소개', '이 제품은 나이키사의 에어 조던 1입니다.', SYSDATE, 1);

INSERT INTO posting (POSTING_IDX, TITLE, CONTENT, UPDATE_DATE, STATE) 
VALUES (4, '에어 조던 1 한정판', '나이키 조던 한정판입니다', SYSDATE, 1);

INSERT INTO posting (POSTING_IDX, TITLE, CONTENT, UPDATE_DATE, STATE) 
VALUES (5, '엔엠디 소개', '이 제품은 아디다스사의 엔엠디입니다.', SYSDATE, 1);

INSERT INTO posting (POSTING_IDX, TITLE, CONTENT, UPDATE_DATE, STATE) 
VALUES (6, '엔엠디 한정판', '이 제품은 아디다스사의 엔엠디입니다.', SYSDATE, 1);

INSERT INTO posting (POSTING_IDX, TITLE, CONTENT, UPDATE_DATE, STATE) 
VALUES (7, '블레이저 로우', '이 제품은 나이키사의 블레이저 로우입니다.', SYSDATE, 1);

INSERT INTO posting (POSTING_IDX, TITLE, CONTENT, UPDATE_DATE, STATE) 
VALUES (8, '스탠 스미스 소개', '이 제품은 아디다스사의 스탠 스미스입니다.', SYSDATE, 1);


-- posting_product 테이블에 더미 데이터 삽입
Insert into POSTING_PRODUCT (POSTING_PRODUCT_IDX,POSTING_IDX,PRODUCT_INFO_IDX) values (1,1,1);
Insert into POSTING_PRODUCT (POSTING_PRODUCT_IDX,POSTING_IDX,PRODUCT_INFO_IDX) values (2,1,2);
Insert into POSTING_PRODUCT (POSTING_PRODUCT_IDX,POSTING_IDX,PRODUCT_INFO_IDX) values (3,2,3);
Insert into POSTING_PRODUCT (POSTING_PRODUCT_IDX,POSTING_IDX,PRODUCT_INFO_IDX) values (4,3,7);
Insert into POSTING_PRODUCT (POSTING_PRODUCT_IDX,POSTING_IDX,PRODUCT_INFO_IDX) values (5,3,8);
Insert into POSTING_PRODUCT (POSTING_PRODUCT_IDX,POSTING_IDX,PRODUCT_INFO_IDX) values (6,4,9);
Insert into POSTING_PRODUCT (POSTING_PRODUCT_IDX,POSTING_IDX,PRODUCT_INFO_IDX) values (7,5,16);
Insert into POSTING_PRODUCT (POSTING_PRODUCT_IDX,POSTING_IDX,PRODUCT_INFO_IDX) values (8,5,17);
Insert into POSTING_PRODUCT (POSTING_PRODUCT_IDX,POSTING_IDX,PRODUCT_INFO_IDX) values (9,5,18);



Insert into PRODUCT_FILE (PRODUCT_FILE_IDX,ORIGINAL_NAME,FILE_PATH,FILE_SIZE,PRODUCT_INFO_IDX) values (1,'에어포스1','/images/에어포스1.jpg','100',1);
Insert into PRODUCT_FILE (PRODUCT_FILE_IDX,ORIGINAL_NAME,FILE_PATH,FILE_SIZE,PRODUCT_INFO_IDX) values (2,'에어포스1','/images/에어포스1.jpg','100',2);
Insert into PRODUCT_FILE (PRODUCT_FILE_IDX,ORIGINAL_NAME,FILE_PATH,FILE_SIZE,PRODUCT_INFO_IDX) values (3,'에어포스1','/images/에어포스1.jpg','100',3);
Insert into PRODUCT_FILE (PRODUCT_FILE_IDX,ORIGINAL_NAME,FILE_PATH,FILE_SIZE,PRODUCT_INFO_IDX) values (4,'나이키 조던','/images/에어조던1.jpg','100',7);
Insert into PRODUCT_FILE (PRODUCT_FILE_IDX,ORIGINAL_NAME,FILE_PATH,FILE_SIZE,PRODUCT_INFO_IDX) values (5,'나이키 조던','/images/에어조던1.jpg','100',8);
Insert into PRODUCT_FILE (PRODUCT_FILE_IDX,ORIGINAL_NAME,FILE_PATH,FILE_SIZE,PRODUCT_INFO_IDX) values (6,'앰엔디','/images/엠앤디.jpg','100',16);
Insert into PRODUCT_FILE (PRODUCT_FILE_IDX,ORIGINAL_NAME,FILE_PATH,FILE_SIZE,PRODUCT_INFO_IDX) values (7,'앰엔디','/images/엠앤디.jpg','100',17);
Insert into PRODUCT_FILE (PRODUCT_FILE_IDX,ORIGINAL_NAME,FILE_PATH,FILE_SIZE,PRODUCT_INFO_IDX) values (8,'앰엔디','/images/엠앤디.jpg','100',18);
